{"map_name": "Green Spring", "money": 278511.80100000004, "xp": 10.0, "debt": 0.0, "time": 0.0, "vehicles": {"0": {"header": false, "brand": "New Holland", "model": "T6 145", "fuel": 290, "fill": 0, "fillType": -1, "vehicleId": 0, "jobId": -1, "completionAmount": 0, "workingBackwards": false, "pos": [765.1412729689505, 324.7190816026338], "rotation": 254.19666794654566, "stage": 5, "paddockNum": -1, "stringTask": "No task assigned", "active": false, "destination": {"is_paddock": false, "is_shed": true, "is_silo": false, "is_sellpoint": false}, "path": []}, "1": {"header": true, "brand": "Case IH", "model": "2388", "fuel": 700, "fill": 0.0, "fillType": 3, "vehicleId": 1, "jobId": -1, "completionAmount": 0, "workingBackwards": false, "pos": [759.4975617384094, 337.4696871859676], "rotation": 289.480424621562, "stage": 5, "paddockNum": -1, "stringTask": "No task assigned", "active": false, "destination": {"is_paddock": false, "is_shed": true, "is_silo": false, "is_sellpoint": false}, "path": [], "job": {"start": {"is_paddock": true, "is_shed": false, "is_silo": false, "is_sellpoint": false, "paddock_num": "1"}, "end": {"is_paddock": false, "is_shed": true, "is_silo": false, "is_sellpoint": false}, "roads": [[[89.88648090815275, 429.3085655314758], [179.7729618163055, 436.0165118679051], [268.31785345717236, 440.0412796697627], [363.57069143446853, 445.40763673890615], [460.1651186790506, 445.40763673890615], [547.3684210526317, 442.7244582043344]], [[385.0361197110423, 91.2280701754386], [327.34778121775025, 134.15892672858618], [307.22394220846235, 202.57997936016514], [319.2982456140351, 268.31785345717236], [356.8627450980392, 319.2982456140351], [358.2043343653251, 440.0412796697627], [464.18988648090817, 446.749226006192], [551.3931888544892, 442.7244582043344]], [[393.0856553147575, 744.5820433436533], [360.8875128998968, 664.0866873065016], [350.1547987616099, 555.4179566563467], [347.4716202270382, 453.4571723426213], [458.82352941176475, 448.09081527347786], [552.7347781217751, 441.38286893704856]], [[611.7647058823529, 759.3395252837978], [615.7894736842105, 662.7450980392157], [609.0815273477813, 576.8833849329205], [614.4478844169247, 453.4571723426213]], [[1242.311661506708, 527.2445820433437], [1184.623323013416, 519.1950464396285], [1124.2518059855522, 543.3436532507741], [1108.1527347781218, 605.0567595459237], [1090.7120743034056, 647.9876160990713], [998.1424148606811, 661.4035087719299], [920.3302373581012, 647.9876160990713], [889.4736842105264, 591.6408668730651], [880.0825593395253, 515.1702786377709], [868.0082559339526, 450.77399380804957]], [[1232.920536635707, 320.63983488132095], [1143.0340557275542, 317.95665634674924], [1051.8059855521155, 308.56553147574823], [972.6522187822499, 292.46646026831786], [889.4736842105264, 284.4169246646027], [846.5428276573788, 307.22394220846235]], [[584.9329205366357, 55.005159958720334], [582.2497420020641, 143.55005159958722], [580.9081527347781, 238.8028895768834], [592.9824561403509, 293.80804953560374]]], "vehicle_index": 1, "job_id": 3, "lap_1": [], "tool_index": -1}}, "2": {"header": false, "brand": "Case IH", "model": "Maxxum 150", "fuel": 190, "fill": 0, "fillType": -1, "vehicleId": 2, "jobId": -1, "completionAmount": 0, "workingBackwards": false, "pos": [804, 344], "rotation": 44.33025832301541, "stage": 5, "paddockNum": -1, "stringTask": "No task assigned", "active": false, "destination": null, "path": []}}, "tools": {"0": {"toolType": "Seeders", "brand": "John Sheerer", "model": "Combine 14ft", "size": 14, "sizePx": 17, "hp": 75, "turningPoint": 5, "hitch": 6, "fill": 0, "fillType": 2, "vehicleId": 0, "anims": {"folded": null, "unfolded": "Machinary/Tools/Seeders/JohnSheerer/tool_0.png", "default": "unfolded"}, "price": 20000, "toolId": 0, "pos": [731, 318], "rotation": 0.0, "paddock": -1, "active": false}, "1": {"toolType": "Cultivators", "brand": "Case IH", "model": "490", "size": 24, "sizePx": 32, "hp": 120, "turningPoint": 8, "hitch": 12, "fill": 0, "fillType": -1, "vehicleId": 0, "anims": {"folded": null, "unfolded": "Machinary/Tools/Cultivators/CaseIH/tool_0.png", "default": "unfolded"}, "price": 15000, "toolId": 1, "pos": [731, 318], "rotation": 0.0, "paddock": -1, "active": false}, "2": {"toolType": "Trailers", "brand": "Marshall", "model": "QM-12", "size": null, "sizePx": 21, "hp": 200, "turningPoint": 26, "hitch": 8, "fill": 0.0, "fillType": 3, "vehicleId": 2, "anims": {"empty": "Machinary/Tools/Trailers/Marshall/tool_0_open.png", "full": "Machinary/Tools/Trailers/Marshall/tool_0.png", "default": "empty"}, "price": 24500, "toolId": 2, "pos": [804, 344], "rotation": 0.0, "paddock": -1, "active": false, "destination": null, "path": [], "stringTask": "No task assigned"}, "3": {"toolType": "Spreaders", "brand": "Marshall", "model": "Multispread 825T", "size": 30, "sizePx": 40, "hp": 130, "turningPoint": 15, "hitch": 15, "fill": 0, "fillType": 5, "vehicleId": 0, "anims": {"empty": "Machinary/Tools/Spreaders/Marshall/tool_0_open.png", "full": "Machinary/Tools/Spreaders/Marshall/tool_0.png", "on": "Machinary/Tools/Spreaders/Marshall/tool_0_on.png", "default": "empty"}, "price": 37500, "toolId": 3, "pos": [731, 318], "rotation": 0.0, "paddock": -1, "active": false}}, "paddocks": {"1": {"center": [148, 166], "gate": [75, 301], "state": 2, "hectares": 60, "owned_by": "npc", "lime_years": 2, "super_spreaded": true, "urea_spreaded": false, "weeds": 2, "crop_type": 2, "contract_requirements": {}, "contract_fulfilled": false, "contract_failed": false}, "2": {"center": [347, 173], "gate": [422, 44], "state": 4, "hectares": 70, "owned_by": "npc", "lime_years": 3, "super_spreaded": true, "urea_spreaded": true, "weeds": 0, "crop_type": 1, "contract_requirements": {}, "contract_fulfilled": false, "contract_failed": false}, "3": {"center": [527, 129], "gate": [451, 43], "state": 2, "hectares": 40, "owned_by": "npc", "lime_years": 1, "super_spreaded": true, "urea_spreaded": false, "weeds": 2, "crop_type": 1, "contract_requirements": {}, "contract_fulfilled": false, "contract_failed": false}, "4": {"center": [809, 108], "gate": [932, 183], "state": 0, "hectares": 80, "owned_by": "npc", "lime_years": 2, "super_spreaded": true, "urea_spreaded": true, "weeds": 2, "crop_type": 2, "contract_requirements": {}, "contract_fulfilled": false, "contract_failed": false}, "5": {"center": [749, 313], "gate": [920, 254], "state": 3, "hectares": 85, "owned_by": "npc", "lime_years": 3, "super_spreaded": true, "urea_spreaded": true, "weeds": 1, "crop_type": 1, "contract_requirements": {}, "contract_fulfilled": false, "contract_failed": false}, "6": {"center": [896, 538], "gate": [923, 408], "state": 4, "hectares": 30, "owned_by": "npc", "lime_years": 3, "super_spreaded": true, "urea_spreaded": true, "weeds": 0, "crop_type": 1, "contract_requirements": {}, "contract_fulfilled": false, "contract_failed": false}, "7": {"center": [552, 522], "gate": [475, 557], "state": 3, "hectares": 55, "owned_by": "npc", "lime_years": 2, "super_spreaded": false, "urea_spreaded": false, "weeds": 2, "crop_type": 1, "contract_requirements": {}, "contract_fulfilled": false, "contract_failed": false}, "8": {"center": [359, 483], "gate": [442, 553], "state": 3, "hectares": 50, "owned_by": "npc", "lime_years": 3, "super_spreaded": true, "urea_spreaded": true, "weeds": 0, "crop_type": 0, "contract_requirements": {}, "contract_fulfilled": false, "contract_failed": false}, "9": {"center": [113, 498], "gate": [267, 538], "state": 1, "hectares": 52, "owned_by": "npc", "lime_years": 2, "super_spreaded": true, "urea_spreaded": true, "weeds": 0, "crop_type": 2, "contract_requirements": {}, "contract_fulfilled": false, "contract_failed": false}}, "sellpoints": {"0": {"location": [238, 412], "rotation": -180.0, "silo": false, "name": "Green Spring Mill", "contents": null, "prices": {"wheat": 326.44246202372875, "barley": 391.668118138202, "oat": 749.6009740523554, "canola": 617.5451511627998}}, "1": {"location": [429, 378],