{"map_name": "Green Spring", "money": 94565.22400000018, "xp": 127.0, "debt": 0.0, "time": 0.0, "vehicles": {"0": {"header": false, "brand": "New Holland", "model": "T6 145", "fuel": 290, "fill": 0, "fillType": -1, "vehicleId": 0, "jobId": -1, "completionAmount": 0, "workingBackwards": false, "pos": [124.11768018379287, 602.1056893805878], "rotation": 180.00014986809813, "stage": 3, "paddockNum": 8, "stringTask": "Spreading...", "active": true, "destination": {"is_paddock": true, "is_shed": false, "is_silo": false, "is_sellpoint": false, "paddock_num": "9"}, "path": [[136, 643], [136, 643], [136, 653], [136, 653], [136, 663], [136, 663], [136, 673], [136, 673], [136, 683], [136, 683], [136, 693], [136, 693], [136, 703], [136, 703], [136, 713], [136, 713], [136, 723], [136, 723], [136, 733], [136, 733], [136, 733], [136, 733], [137, 733], [137, 733], [138, 733], [138, 733], [139, 733], [139, 733], [140, 733], [140, 733], [141, 733], [141, 733], [142, 733], [142, 733], [143, 733], [143, 733], [144, 733], [144, 733], [145, 733], [145, 733], [146, 733], [146, 733], [147, 733], [147, 733], [148, 733], [148, 733], [149, 733], [149, 733], [150, 733], [150, 733], [151, 733], [151, 733], [152, 733], [152, 733], [153, 733], [153, 733], [154, 733], [154, 733], [155, 733], [155, 733], [156, 733], [156, 733], [157, 733], [157, 733], [158, 733], [158, 733], [159, 733], [159, 733], [160, 733], [160, 733], [161, 733], [161, 733], [162, 733], [162, 733], [163, 733], [163, 733], [164, 733], [164, 733], [165, 733], [165, 733], [166, 733], [166, 733], [167, 733], [167, 733], [168, 733], [168, 733], [169, 733], [169, 733], [170, 733], [170, 733], [171, 733], [171, 733], [172, 733], [172, 733], [173, 733], [173, 733], [174, 733], [174, 733], [175, 733], [175, 733], [176, 733], [176, 733], [177, 733], [177, 733], [178, 733], [178, 733], [179, 733], [179, 733], [180, 733], [180, 733], [181, 733], [181, 733], [182, 733], [182, 733], [183, 733], [183, 733], [184, 733], [184, 733], [185, 733], [185, 733], [186, 733], [186, 733], [187, 733], [187, 733], [188, 733], [188, 733], [189, 733], [189, 733], [190, 733], [190, 733], [191, 733], [191, 733], [192, 733], [192, 733], [193, 733], [193, 733], [194, 733], [194, 733], [195, 733], [195, 733], [196, 733], [196, 733], [197, 733], [197, 733], [198, 733], [198, 733], [199, 733], [199, 733], [200, 733], [200, 733], [201, 733], [201, 733], [202, 733], [202, 733], [203, 733], [203, 733], [204, 733], [204, 733], [205, 733], [205, 733], [206, 733], [206, 733], [207, 733], [207, 733], [208, 733], [208, 733], [209, 733], [209, 733], [210, 733], [210, 733], [211, 733], [211, 733], [212, 733], [212, 733], [213, 733], [213, 733], [214, 733], [214, 733], [215, 733], [215, 733], [216, 733], [216, 733], [217, 733], [217, 733], [218, 733], [218, 733], [219, 733], [219, 733], [220, 733], [220, 733], [221, 733], [221, 733], [222, 733], [222, 733], [223, 733], [223, 733], [224, 733], [224, 733], [225, 733], [225, 733], [226, 733], [226, 733], [227, 733], [227, 733], [227, 733], [227, 733], [228, 733], [228, 733], [229, 733], [229, 733], [229, 733], [229, 733], [230, 733], [230, 733], [231, 733], [231, 733], [231, 733], [231, 733], [233, 734], [233, 734], [233, 734], [233, 734], [235, 735], [235, 735], [235, 735], [235, 735], [236, 735], [236, 735], [236, 735], [236, 735], [237, 736], [237, 736], [237, 736], [237, 736], [238, 736], [238, 736], [239, 736], [239, 736], [240, 736], [240, 736], [241, 736], [241, 736], [242, 736], [242, 736], [243, 736], [243, 736], [244, 736], [244, 736], [245, 736], [245, 736], [246, 736], [246, 736], [247, 736], [247, 736], [248, 736], [248, 736], [249, 736], [249, 736], [250, 736], [250, 736], [251, 736], [251, 736], [252, 736], [252, 736], [253, 736], [253, 736], [254, 736], [254, 736], [255, 736], [255, 736], [256, 736], [256, 736], [256, 736], [256, 736], [257, 735], [257, 735], [257, 735], [257, 735], [258, 735], [258, 735], [258, 735], [258, 735], [260, 734], [260, 734], [260, 734], [260, 734], [262, 733], [262, 733], [262, 733], [262, 733], [263, 733], [263, 733], [264, 733], [264, 733], [264, 733], [264, 733], [265, 733], [265, 733], [266, 733], [266, 733], [266, 733], [266, 733], [267, 733], [267, 733], [268, 733], [268, 733], [269, 733], [269, 733], [270, 733], [270, 733], [271, 733], [271, 733], [272, 733], [272, 733], [272, 733], [272, 733], [273, 732], [273, 732], [273, 732], [273, 732], [274, 732], [274, 732], [274, 732], [274, 732], [276, 731], [276, 731], [276, 731], [276, 731], [278, 730], [278, 730], [278, 730], [278, 730], [279, 730], [279, 730], [280, 730], [280, 730], [280, 730], [280, 730], [281, 730], [281, 730], [282, 730], [282, 730], [282, 730], [282, 730], [283, 730], [283, 730], [284, 730], [284, 730], [285, 730], [285, 730], [286, 730], [286, 730], [287, 730], [287, 730], [288, 730], [288, 730], [289, 730], [289, 730], [290, 730], [290, 730], [291, 730], [291, 730], [292, 730], [292, 730], [293, 730], [293, 730], [294, 730], [294, 730], [295, 730], [295, 730], [296, 730], [296, 730], [297, 730], [297, 730], [298, 730], [298, 730], [299, 730], [299, 730], [300, 730], [300, 730], [301, 730], [301, 730], [302, 730], [302, 730], [303, 730], [303, 730], [304, 730], [304, 730], [305, 730], [305, 730], [306, 730], [306, 730], [307, 730], [307, 730], [308, 730], [308, 730], [309, 730], [309, 730], [310, 730], [310, 730], [311, 730], [311, 730], [312, 730], [312, 730], [313, 730], [313, 730], [314, 730], [314, 730], [315, 730], [315, 730], [316, 730], [316, 730], [317, 730], [317, 730], [318, 730], [318, 730], [319, 730], [319, 730], [320, 730], [320, 730], [321, 730], [321, 730], [322, 730], [322, 730], [323, 730], [323, 730], [324, 730], [324, 730], [325, 730], [325, 730], [326, 730], [326, 730], [327, 730], [327, 730], [328, 730], [328, 730], [329, 730], [329, 730], [330, 730], [330, 730], [331, 730], [331, 730], [332, 730], [332, 730], [333, 730], [333, 730], [334, 730], [334, 730], [335, 730], [335, 730], [336, 730], [336, 730], [337, 730], [337, 730], [338, 730], [338, 730], [339, 730]]}, "1": {"header": true, "brand": "Case IH", "model": "2388", "fuel": 700, "fill": 0.0, "fillType": 0, "vehicleId": 1, "jobId": -1, "completionAmount": 0, "workingBackwards": false, "pos": [762.3060225709646, 343.91792099313426], "rotation": 303.14984340539326, "stage": 5, "paddockNum": -1, "stringTask": "No task assigned", "active": false, "destination": {"is_paddock": false, "is_shed": true, "is_silo": false, "is_sellpoint": false}, "path": [], "job": {"start": {"is_paddock": true, "is_shed": false, "is_silo": false, "is_sellpoint": false, "paddock_num": "8"}, "end": {"is_paddock": false, "is_shed": true, "is_silo": false, "is_sellpoint": false},